Protein,CM,ARR,CHD,VD,IHD,CCS,VOO,OHD,Sum
Q8NEJ9,0.01441299315,0,0,0,0.01587388331,0,0,0.01221884062,0.04250571708
P05556,0,0,0.00861863681,0,0.02101697603,0,0,0,0.02963561284
Q9BQE4,0,0,0.008653067933,0,0.01249333362,0,0,0,0.02114640156
P38435,0,0,0,0,0,0,0,0.007687636031,0.007687636031
P28300,0.07675089705,0.02082884867,0.02948039727,0.05078173563,0.03815359506,0,0.01567283254,0.04758575426,0.2792540605
Q5VT66,0,0,0,0,0.01835800372,0,0,0,0.01835800372
Q08379,0.03108866813,0.03166313583,0,0,0,0.04059425227,0,0,0.1033460562
Q86YT6,0,0,0,0,0.0124519194,0,0,0,0.0124519194
Q9H4P4,0,0,0.008664883584,0,0,0,0,0,0.008664883584
Q92820,0.1976680766,0.04317819255,0.24216578,0.07063775557,0.08019234527,0.04424812237,0.008573976423,0.07817342276,0.7648376715
P62330,0.009041455407,0,0,0,0,0,0,0,0.009041455407
Q99988,0.2225616496,0.05414901069,0.02786337623,0.04320866851,0.1142458369,0.009911844461,0.03314645,0.05177615856,0.556862995
P55085,0.07129553475,0.02311627985,0.007593265802,0,0.07067168539,0,0,0.02218526411,0.1948620299
Q96A26,0.009037504353,0,0,0,0.007825470444,0,0,0,0.0168629748
O14874,0.009037504353,0,0,0,0.007825470444,0,0,0,0.0168629748
Q96IV0,0.01438101428,0,0,0,0.0124379575,0,0,0,0.02681897178
P07203,0.1031549046,0.007031174129,0,0.01769464647,0.0783582777,0,0,0.03371459171,0.2399535946
P16435,0.07634537378,0.1910211235,0.04019527656,0.03010704288,0.0840958238,0.1423029054,0.0236488003,0.2017277383,0.7894440845
Q15056,0,0,0,0.01106858401,0,0,0,0,0.01106858401
O76061,0.0277105386,0,0,0,0.02383973463,0,0,0,0.05155027323
P27448,0,0,0,0,0,0,0,0.007687636031,0.007687636031
O76024,0,0,0.008664883584,0,0,0,0,0,0.008664883584
P14735,0,0.0089658016,0.008658831232,0,0,0,0,0,0.01762463283
Q9UJC3,0,0,0,0,0,0,0,0.01562495181,0.01562495181
P35241,0.0182441362,0.008888233865,0,0,0.02292622929,0,0,0.007613811,0.05767241036
Q9Y3A6,0.02111402808,0,0.0173618725,0,0.02584344684,0,0,0.02644532791,0.09076467532
Q9H2H8,0.01808826658,0,0,0,0.02978076878,0,0,0,0.04786903535
P26358,0.05079101459,0.01947359519,0.03261918752,0.02111772535,0.03729882344,0.02435604512,0.01131402541,0.02407401327,0.2210444299
Q9NP72,0,0,0,0,0.02232748301,0,0,0,0.02232748301
P0C7P0,0.008925179274,0.02668556967,0,0.01093290369,0.01574946965,0,0,0.007587662425,0.06988078471
P35555,0.03137644592,0.01470365655,0.2951704662,0.09604124795,0.01378904889,0.01085859864,0.03767215928,0.01859007335,0.5182016968
Q8WTV0,0.03852636713,0,0,0,0.1124660116,0,0,0.0318666337,0.1828590125
P29122,0,0,0.02490599278,0,0,0,0,0,0.02490599278
Q9H7Z7,0,0,0,0,0.02232748301,0,0,0,0.02232748301
P61026,0.009037622063,0,0,0,0,0,0,0.00768325467,0.01672087673
P11310,0.1093730154,0.03558610446,0.01795008426,0.02150985688,0.05328466717,0.04304848429,0,0.06039234648,0.3411445589
Q96F45,0.008876799413,0,0.0419197676,0,0,0,0,0,0.05079656701
O00469,0,0,0.02981861874,0,0,0,0,0,0.02981861874
P50897,0,0.008971949142,0,0,0,0,0,0,0.008971949142
P13804,0.05959588479,0.01673475312,0.007846649799,0.01002832176,0.02444023885,0.02127269624,0,0.03192030815,0.1718388527
Q99959,0.1458167146,0.04308286079,0.1130048376,0.01488302692,0.008777248681,0.04062248985,0,0.02822835038,0.3944155288
Q9HD40,0.07753197995,0.08778637616,0.03009728954,0.1402897658,0.1595441496,0.1452095005,0.1557440917,0.03812964154,0.8343327948
P35658,0.03851930677,0.02508774077,0.02639503124,0.02542000919,0.03176674891,0.01640513462,0,0.02561470958,0.1892086811
Q04724,0,0,0.008664883584,0,0,0,0,0,0.008664883584
Q13310,0,0.00895741909,0,0,0,0.0109854152,0,0,0.01994283429
Q9UL15,0.009037504353,0,0,0,0.007825470444,0,0,0,0.0168629748
P00750,0.09725039743,0.07826189307,0.04465512713,0.06932739325,0.2347089585,0.05537574324,0.02542564648,0.04878714345,0.6537923025
P35556,0.00810854648,0,0.09133004259,0,0,0,0,0,0.09943858907
Q14789,0,0,0.008650893406,0.01105617618,0.007815347846,0,0,0,0.02752241743
Q96B26,0,0.008880343953,0.0175287349,0.01754587664,0,0,0.01967300869,0.007607052368,0.07123501656
Q9UBX5,0.03763115521,0.01973032065,0.02177048042,0.04975193789,0.02268589517,0.02102263174,0.01850568668,0.02063274638,0.2117308541
O60885,0.009025573643,0,0,0,0.00781513978,0,0,0.01225943955,0.02910015297
Q9BSJ2,0.01426225236,0,0,0,0.02977202211,0,0,0.01210938965,0.05614366412
P11940,0.009025192219,0.01428102957,0,0,0.007814809509,0,0,0,0.0311210313
O75534,0.009041455407,0,0,0,0,0,0,0,0.009041455407
Q76N32,0,0.008971949142,0,0,0,0,0,0,0.008971949142
Q5JRX3,0.01840371364,0,0,0,0.007774679423,0,0,0.018254889,0.04443328206
Q9UHD2,0,0,0,0,0,0,0,0.01562495181,0.01562495181
P12109,0.008925179274,0.02668556967,0,0.01093290369,0.01574946965,0,0,0.007587662425,0.06988078471
Q9Y4L1,0.009041455407,0,0,0,0,0,0,0,0.009041455407
Q9Y680,0,0,0,0.01106858401,0,0,0,0,0.01106858401
Q96HW7,0,0,0,0,0.007829932845,0,0,0,0.007829932845
P49454,0.0389193013,0,0,0,0,0,0,0.03224909778,0.07116839908
P21964,0.01299198988,0.008047484058,0.07092096239,0.009932858883,0.03355456637,0.009869467174,0,0.006893610538,0.1522109393
P15151,0.01434083018,0,0,0.01765468157,0.01245928096,0,0,0,0.04445479272
P49643,0.009035259442,0,0.008659946559,0,0,0,0,0,0.017695206
Q8TAD8,0,0,0,0,0,0,0,0.007687636031,0.007687636031
Q8IZ52,0,0,0,0.01762014769,0,0,0.01975628382,0,0.03737643152
Q96AY3,0,0,0,0.01106858401,0,0,0,0,0.01106858401
O75347,0.1182825031,0.03132910969,0.01943803484,0.05452340671,0.06608531754,0.01253202263,0.02914425013,0.01588703397,0.3472216786
Q8TD19,0.008876799413,0,0.0419197676,0,0,0,0,0,0.05079656701
Q9UHI8,0.04440973962,0,0,0.01072727187,0.02973182253,0,0,0.0176171335,0.1024859675
Q9BS26,0,0,0.03356025596,0,0,0,0,0,0.03356025596
Q4V328,0,0,0,0,0.007829932845,0,0,0,0.007829932845
Q9BQQ3,0.009041455407,0,0,0,0,0,0,0,0.009041455407
P62877,0,0,0,0,0,0,0,0.0122717798,0.0122717798
P61586,0.008908554778,0.0182102907,0.008538505041,0.01091253951,0.02441065887,0,0,0.0154244617,0.0864050106
Q99519,0.009041455407,0,0,0,0,0,0,0,0.009041455407
Q12770,0.008837031511,0,0,0,0.04020053702,0,0,0.01195101147,0.06098857999
Q9H845,0.009030797283,0,0,0.01106228054,0,0,0,0,0.02009307782
Q92769,0,0.02842988033,0.008437637374,0,0.0220555613,0,0,0.02983740722,0.08876048622
P49642,0.02375408702,0,0,0,0,0,0,0.007667057422,0.03142114444
Q99720,0,0.01384972006,0,0,0.01205762049,0,0,0.05220030993,0.07810765048
Q9H173,0.02031908548,0.05676077516,0.07118347425,0.0519845491,0.04194636097,0.01737099603,0.04377379906,0.03836316611,0.3417022062
Q9NQC3,0.01418561806,0.01807078861,0.01370465141,0,0.01810280218,0.02276186153,0,0.007571382605,0.09439710439
Q99996,0,0.01832696041,0,0,0,0.01781302754,0,0,0.03613998795
P33527,0,0,0,0,0,0,0,0.007687636031,0.007687636031
P06280,0.08189016586,0.03949649834,0.01167623274,0.1077794805,0.02364504024,0.01548782299,0.0134097068,0.05593622291,0.3493211703
Q13546,0.03303188944,0,0,0,0.02791011437,0,0,0.01194893654,0.07289094035
Q96F46,0.04699979565,0,0,0.0169836375,0.02525573938,0,0.01904260786,0.01483252438,0.1231143048
Q08431,0.02723767324,0.01381714177,0.008309722277,0,0.05099030596,0,0,0.007370602285,0.1077254455
Q9BYF1,0.1079701776,0.03263808134,0.01012181294,0.02025010504,0.04219149354,0.0170917805,0.01479844943,0.05259232611,0.2976542265
Q9NQT5,0.02518967363,0.01683732634,0.03868685046,0.03287750224,0.01939017764,0,0.0244413765,0.02688487059,0.1843077774
P09601,0.2530328835,0.05176661249,0.01411722397,0.03010559281,0.1567482226,0.02165867412,0.02406081326,0.06165309741,0.6131431201
Q9Y2I6,0,0,0,0,0,0,0,0.01562495181,0.01562495181
P48556,0,0.008920914363,0.02061566387,0,0,0.01094064565,0,0,0.04047722389